country_name,wbcode,year,gdp_capita,lp_bl,lh_bl,tradewb,mortnew,ginv,dem,unrestreg,pop
Albania,ALB,2000,1200.137451171875,22.747116088867188,7.427882194519043,51.164398193359375,25.299999237060547,24.735868453979492,1,0.11538461595773697,3089027
Albania,ALB,2005,1525.7236328125,16.925458908081055,7.2941694259643555,65.57957458496094,19.799999237060547,23.596435546875,1,0.18518517911434174,3011487
Albania,ALB,2010,1914.99658203125,13.000304222106934,7.586724758148193,85.93754577636719,16.100000381469727,25.791900634765625,1,0.11538461595773697,2913021
Argentina,ARG,2000,7695.59423828125,49.84011459350586,11.08124828338623,22.54189682006836,18,16.192649841308594,1,0.6000000238418579,37057453
Argentina,ARG,2005,8107.9755859375,46.226741790771484,10.179471015930176,43.438232421875,15.300000190734863,21.455936431884766,1,0.3333333432674408,39145491
Argentina,ARG,2010,10749.4189453125,41.07355880737305,10.923741340637207,37.708839416503906,13.300000190734863,22.002246856689453,1,0.1428571492433548,41222875
Armenia,ARM,2000,621.4248046875,8.193975448608398,20.35655403137207,73.17743682861328,26.5,18.64358139038086,1,0.11538461595773697,3076098
Armenia,ARM,2005,1109.0338134765625,6.678208351135254,19.754688262939453,74.111602783203125,20.799999237060547,30.46632194519043,1,0.18518517911434174,3014917
Armenia,ARM,2010,1326.74169921875,5.231052398681641,19.760873794555664,63.834495544433594,16.200000762939453,33.36857986450195,1,0.11538461595773697,2963496
Australia,AUS,2000,21766.173828125,4.881838321685791,27.731761932373047,39.96693420410156,5.099999904632568,25.968034744262695,1,0.043478261679410934,19153000
Australia,AUS,2005,24008.658203125,4.270017623901367,30.889625549316406,37.73965072631836,4.699999809265137,27.421247482299805,1,0.17391304671764374,20394800
Australia,AUS,2010,25249.986328125,3.3851876258850098,33.75717544555664,41.73237991333008,4.199999809265137,27.22502326965332,1,0.17391304671764374,22031750
Austria,AUT,2000,23974.18359375,30.3659610748291,11.541255950927734,87.086944580078125,4.599999904632568,24.529281616210938,1,0.043478261679410934,8011566
Austria,AUT,2005,25370.466796875,25.4865665435791,15.95592212677002,101.54496765136719,4,22.7106876373291,1,0.17391304671764374,8227829
Austria,AUT,2010,26692.984375,22.20262336730957,14.31997013092041,99.66526794433594,3.5,21.601512908935547,1,0.17391304671764374,8363404
Burundi,BDI,2000,111.23686981201172,24.531715393066406,0.5605722069740295,22.282915115356445,92.0999984741211,2.89815354347229,0,0.18421052396297455,6767073
Burundi,BDI,2005,108.90238189697266,30.713729858398438,0.5973966121673584,32.82586669921875,83.5999984741211,8.659894943237305,1,0.2368421107530594,7934213
Burundi,BDI,2010,115.30599212646484,35.61254119873047,0.8809182643890381,52.04011917114258,71.0999984741211,18.00299644470215,1,0.31578946113586426,9461117
Belgium,BEL,2000,22696.966796875,25.379789352416992,22.76315689086914,143.9365234375,4.699999809265137,22.575958251953125,1,0.043478261679410934,10251250
Belgium,BEL,2005,24027.951171875,19.751232147216797,26.750146865844727,149.7012176513672,4,21.932209014892578,1,0.17391304671764374,10478617
Belgium,BEL,2010,24496.048828125,17.742414474487305,25.91053581237793,149.9757537841797,3.5,20.565813064575195,1,0.17391304671764374,10895586
Benin,BEN,2000,345.9503479003906,16.100000381469727,2.200000047683716,60.57268524169922,90.80000305175781,18.665563583374023,1,0.18421052396297455,6949366
Benin,BEN,2005,357.25006103515625,17.599519729614258,2.314480781555176,50.20416259765625,75.69999694824219,18.156574249267578,1,0.2368421107530594,8182362
Benin,BEN,2010,377.0397033691406,17.47971534729004,2.9166781902313232,40.213626861572266,62.29999923706055,21.043237686157227,1,0.31578946113586426,9509798
Bangladesh,BGD,2000,363.6399230957031,22.30518913269043,4.208649158477783,32.638755798339844,64.19999694824219,23.023971557617188,1,0,131280739
Bangladesh,BGD,2005,436.68817138671875,22.51311492919922,4.408099174499512,37.394737243652344,51.400001525878906,24.52721405029297,1,0.20000000298023224,142929979
Bangladesh,BGD,2010,558.0628662109375,22.819154739379883,4.444648265838623,44.95857238769531,37.5,24.41374969482422,1,0.20000000298023224,151616777
Bulgaria,BGR,2000,1579.3482666015625,38.215858459472656,18.37601089477539,111.03876495361328,17.899999618530273,17.979759216308594,1,0.11538461595773697,8170172
Bulgaria,BGR,2005,2176.63671875,33.799983978271484,17.929182052612305,103.92906188964844,13.600000381469727,27.552091598510742,1,0.18518517911434174,7739900
Bulgaria,BGR,2010,2549.55859375,29.05435562133789,17.661544799804688,113.751220703125,11.300000190734863,22.887147903442383,1,0.11538461595773697,7395599
Bahrain,BHR,2000,12489.4677734375,18.804306030273438,11.212974548339844,152.40020751953125,10.899999618530273,10.293970108032227,0,0.1666666716337204,666855
Bahrain,BHR,2005,14775.6328125,16.39536476135254,11.55752182006836,172.2527313232422,9.699999809265137,24.41660499572754,0,0.2777777910232544,867014
Belize,BLZ,2000,3330.95458984375,62.55802536010742,7.619199275970459,120.35844421386719,21.100000381469727,31.721288681030273,1,0.1111111119389534,247312
Belize,BLZ,2005,3706.489013671875,62.036190032958984,7.961726665496826,113.22625732421875,18.299999237060547,19.54631233215332,1,0.0555555559694767,283279
Bolivia,BOL,2000,1010.9073486328125,37.81724166870117,14.077719688415527,45.562103271484375,57.5,18.143478393554688,1,0.6000000238418579,8339512
Bolivia,BOL,2005,1069.018310546875,35.43038558959961,15.4850435256958,61.87401580810547,44.5,14.253622055053711,1,0.3333333432674408,9125405
Bolivia,BOL,2010,1232.794189453125,28.975927352905273,17.478914260864258,74.09190368652344,35.29999923706055,17.00701904296875,1,0.1428571492433548,9918245
Brazil,BRA,2000,3696.146728515625,47.083335876464844,7.312629699707031,20.794261932373047,29.100000381469727,18.24995994567871,1,0.6000000238418579,175786441
Brazil,BRA,2005,3976.693359375,41.79345703125,8.094911575317383,27.676490783691406,20.5,16.205734252929688,1,0.3333333432674408,188479240
Brazil,BRA,2010,4699.4111328125,39.010257720947266,7.337770462036133,22.010887145996094,14.5,20.238615036010742,1,0.1428571492433548,198614208
Barbados,BRB,2000,9565.4013671875,21.847986221313477,1.0565588474273682,107.33137512207031,16,18.502452850341797,1,0.1111111119389534,269838
Barbados,BRB,2005,9454.3427734375,13.394926071166992,1.1026066541671753,122.6253433227539,18.399999618530273,23.990428924560547,1,0.0555555559694767,274013
Brunei Darussalam,BRN,2000,18350.130859375,16.125852584838867,7.0145416259765625,115.757568359375,7.599999904632568,13.0579195022583,0,0.2142857164144516,330554
Brunei Darussalam,BRN,2005,18311.880859375,17.24875259399414,8.334492683410645,101.95896911621094,7.099999904632568,11.366703987121582,0,0.0714285746216774,361889
Botswana,BWA,2000,3203.999755859375,14.313776969909668,4.302295684814453,94.14762878417969,54.599998474121094,31.759851455688477,1,0.2857142984867096,1736579
Botswana,BWA,2005,3880.126708984375,11.780564308166504,4.275956153869629,88.14002227783203,45.70000076293945,26.291749954223633,1,0.1428571492433548,1864003
Botswana,BWA,2010,4189.4365234375,8.891096115112305,4.184476852416992,84.58756256103516,43.599998474121094,29.48089027404785,1,0.2857142984867096,2047831
Central African Rep.,CAF,2000,259.1882629394531,24.0422420501709,1.8711912631988525,35.28896713256836,108.5,9.986836433410645,1,0.18421052396297455,3726048
Central African Rep.,CAF,2005,227.45545959472656,27.09235191345215,1.9009895324707031,32.99443817138672,104.5999984741211,9.772125244140625,0,0.2368421107530594,4055608
Central African Rep.,CAF,2010,239.5187530517578,28.77939224243164,1.948456048965454,32.14381408691406,95.4000015258789,14.274664878845215,0,0.31578946113586426,4444973
Canada,CAN,2000,23559.50390625,10.643033981323242,26.92628288269043,85.10284423828125,5.199999809265137,20.230880737304688,1,0.043478261679410934,30769700
Canada,CAN,2005,25437.650390625,7.215098857879639,43.900001525878906,71.91776275634766,5.199999809265137,22.07505226135254,1,0.17391304671764374,32312000
Canada,CAN,2010,25575.353515625,5.908749103546143,38.21809387207031,59.8643913269043,4.900000095367432,22.20443344116211,1,0.17391304671764374,34005274
Switzerland,CHE,2000,34787.03125,23.5932674407959,19.107765197753906,81.88481140136719,4.599999904632568,23.276216506958008,1,0.043478261679410934,7184250
Switzerland,CHE,2005,35860.0859375,21.73336410522461,18.285125732421875,85.85044860839844,4.300000190734863,21.86382484436035,1,0.17391304671764374,7437115
Switzerland,CHE,2010,37662.75,20.805437088012695,18.370479583740234,91.02909851074219,3.799999952316284,19.95102882385254,1,0.17391304671764374,7824909
Chile,CHL,2000,4877.52197265625,35.630558013916016,20.69363784790039,56.612918853759766,9.199999809265137,22.739389419555664,1,0.1111111119389534,15170387
Chile,CHL,2005,5669.04541015625,32.217315673828125,22.713449478149414,68.78602600097656,7.800000190734863,23.297710418701172,1,0.0555555559694767,16096571
Chile,CHL,2010,6334.10498046875,27.378877639770508,25.54891014099121,67.81053924560547,7.900000095367432,23.549209594726562,1,0.0555555559694767,17015048
China,CHN,2000,949.17803955078125,34.27841567993164,4.268021583557129,40.84720993041992,30.200000762939453,35.11863708496094,0,0.2142857164144516,1262645000
China,CHN,2005,1464.107666015625,32.107975006103516,4.890501022338867,68.481597900390625,20.200000762939453,42.0990104675293,0,0.0714285746216774,1303720000
China,CHN,2010,2425.47119140625,29.20176887512207,6.185855865478516,52.81846618652344,13.699999809265137,48.21861267089844,0,0.0714285746216774,1337705000
Côte d'Ivoire,CIV,2000,628.224853515625,24.288246154785156,4.437488079071045,72.612396240234375,99,10.786468505859375,1,0.18421052396297455,16517948
Côte d'Ivoire,CIV,2005,578.027587890625,27.385744094848633,4.846881866455078,90.40680694580078,90,9.73561954498291,0,0.2368421107530594,18132702
Cameroon,CMR,2000,642.61175537109375,49.8283576965332,1.3271749019622803,46.33247375488281,92,17.027849197387695,0,0.18421052396297455,15927713
Cameroon,CMR,2005,688.554443359375,52.87348937988281,1.737229585647583,48.95733642578125,77.0999984741211,16.769010543823242,0,0.2368421107530594,18126999
Cameroon,CMR,2010,713.6392822265625,53.84394836425781,2.448582649230957,53.80780029296875,65,16.119569778442383,0,0.31578946113586426,20590666
"Congo, Republic of",COG,2000,1026.826171875,14.232308387756348,3.3560478687286377,139.40127563476562,74.80000305175781,22.625953674316406,0,0.18421052396297455,3109269
"Congo, Republic of",COG,2005,1112.81982421875,17.421279907226562,2.8334543704986572,134.99658203125,72,20.190229415893555,0,0.2368421107530594,3503086
"Congo, Republic of",COG,2010,1253.2919921875,22.195842742919922,2.2501323223114014,135.32510375976562,65.5,20.523170471191406,0,0.31578946113586426,4066078
Colombia,COL,2000,2523.975830078125,47.43210983276367,10.357312202453613,33.71784210205078,21.299999237060547,14.89562702178955,1,0.1111111119389534,40403959
Colombia,COL,2005,2785.449462890625,50.09788131713867,9.7401275634765625,35.94259262084961,18.5,20.22101593017578,1,0.0555555559694767,43285636
Colombia,COL,2010,3233.423828125,45.353214263916016,9.364704132080078,34.18517303466797,16.100000381469727,22.047386169433594,1,0.0555555559694767,45918101
Costa Rica,CRI,2000,4068.8212890625,46.87697219848633,16.849346160888672,94.550048828125,11.199999809265137,16.9117431640625,1,0.1111111119389534,3925450
Costa Rica,CRI,2005,4521.01171875,47.21995544433594,17.58884620666504,97.98081970214844,9,24.346464157104492,1,0.0555555559694767,4247843
Costa Rica,CRI,2010,5188.90087890625,42.92861557006836,17.30795669555664,79.80027770996094,9,20.093252182006836,1,0.0555555559694767,4545273
Cuba,CUB,2000,2752.552001953125,27.59891128540039,6.672968864440918,31.461158752441406,6.5,12.505070686340332,0,0.6000000238418579,11116787
Cuba,CUB,2005,3469.88525390625,23.438045501708984,6.807321071624756,36.307579040527344,5.300000190734863,10.774032592773438,0,0.3333333432674408,11261052
Cuba,CUB,2010,4495.04638671875,19.666793823242188,8.942000389099121,34.51995086669922,4.699999809265137,11.781700134277344,0,0.1428571492433548,11308133
Cyprus,CYP,2000,13421.6552734375,24.700000762939453,24.799999237060547,105.36480712890625,5.599999904632568,18.32530975341797,1,0.3333333432674408,943287
Cyprus,CYP,2005,14411.32421875,26.425365447998047,21.3424015045166,98.55848693847656,4.099999904632568,19.921411514282227,1,0.3333333432674408,1032586
Cyprus,CYP,2010,15313.859375,20.978090286254883,23.36806297302246,85.67334747314453,2.9000000953674316,18.44260025024414,1,0,1103685
Czech Republic,CZE,2000,5521.71484375,21.766862869262695,10.235111236572266,114.82012176513672,5.599999904632568,29.928890228271484,1,0.11538461595773697,10255063
Czech Republic,CZE,2005,6657.9599609375,0.23128269612789154,12.470879554748535,126.536865234375,4.400000095367432,26.503211975097656,1,0.18518517911434174,10211216
Czech Republic,CZE,2010,7381.31298828125,13.287007331848145,10.512540817260742,121.50407409667969,3.4000000953674316,24.901185989379883,1,0.11538461595773697,10474410
Germany,DEU,2000,22945.708984375,21.13592529296875,19.73680305480957,61.909263610839844,4.400000095367432,22.299877166748047,1,0.043478261679410934,82211508
Germany,DEU,2005,23564.384765625,2.9163103103637695,20.487943649291992,74.82269287109375,3.9000000953674316,17.2689266204834,1,0.17391304671764374,82469422
Germany,DEU,2010,25306.1875,3.6814346313476562,19.287460327148438,84.47019958496094,3.5,17.488182067871094,1,0.17391304671764374,81776930
Denmark,DNK,2000,29980.15625,42.95064163208008,16.733400344848633,82.1192626953125,4.599999904632568,21.18174934387207,1,0.043478261679410934,5339616
Denmark,DNK,2005,31439.439453125,40.29609680175781,17.096778869628906,89.43505859375,4.099999904632568,20.825468063354492,1,0.17391304671764374,5419432
Denmark,DNK,2010,30532.27734375,37.75898361206055,18.9581298828125,94.105438232421875,3.299999952316284,16.77566909790039,1,0.17391304671764374,5547683
Dominican Republic,DOM,2000,2792.917724609375,43.79558563232422,12.613425254821777,80.37159729003906,32.400001525878906,23.273101806640625,1,0.6000000238418579,8562623
Dominican Republic,DOM,2005,3080.3154296875,44.53318405151367,15.086592674255371,71.586334228515625,27.799999237060547,16.50955581665039,1,0.3333333432674408,9237565
Dominican Republic,DOM,2010,4049.169677734375,43.75175094604492,17.539209365844727,53.28395080566406,24.100000381469727,16.474201202392578,1,0.1428571492433548,9897983
Algeria,DZA,2000,1794.4052734375,39.88314437866211,5.20765495300293,64.85926818847656,29.799999237060547,25.02428436279297,0,0.1666666716337204,31183658
Algeria,DZA,2005,2115.18603515625,40.73728561401367,6.588857650756836,73.29847717285156,22.600000381469727,31.510868072509766,0,0.2777777910232544,33267887
Algeria,DZA,2010,2231.993408203125,41.664405822753906,8.479278564453125,55.68959045410156,18.399999618530273,41.400001525878906,0,0.2222222238779068,36036159
Ecuador,ECU,2000,1291.341552734375,41.46726608276367,14.939955711364746,54.95124816894531,28.200000762939453,20.11199951171875,1,0.6000000238418579,12628596
Ecuador,ECU,2005,1562.326904296875,39.325435638427734,16.129384994506836,53.72906494140625,24.100000381469727,23.590402603149414,1,0.3333333432674408,13735232
Ecuador,ECU,2010,1728.02099609375,36.99257278442383,17.090980529785156,55.600799560546875,21,26.176464080810547,1,0.1428571492433548,14934692
Egypt,EGY,2000,1475.8443603515625,13.858366012573242,4.417368412017822,39.5106086730957,36.099998474121094,19.553071975708008,0,0.1666666716337204,68334905
Egypt,EGY,2005,1600.32177734375,12.308561325073242,6.601222038269043,59.933494567871094,25.899999618530273,17.975858688354492,0,0.2777777910232544,74942115
Egypt,EGY,2010,1975.5518798828125,11.27956771850586,9.441752433776855,52.94586944580078,19.600000381469727,18.88778305053711,0,0.2222222238779068,82040994
Spain,ESP,2000,14421.9345703125,32.08115005493164,18.055400848388672,57.57279968261719,5.400000095367432,26.292451858520508,1,0.3333333432674408,40263216
Spain,ESP,2005,15712.0966796875,33.63242721557617,23.626237869262695,55.59680938720703,4.800000190734863,29.536521911621094,1,0.3333333432674408,43653155
Spain,ESP,2010,15461.7587890625,25.235286712646484,24.979175567626953,52.96216583251953,4,22.811504364013672,1,0,46576897
Estonia,EST,2000,4144.3740234375,10.408835411071777,28.152223587036133,159.9396209716797,8.899999618530273,28.388608932495117,1,0.11538461595773697,1396985
Estonia,EST,2005,6233.46240234375,6.538154125213623,27.296722412109375,157.84747314453125,5.699999809265137,33.7850227355957,1,0.18518517911434174,1354775
Estonia,EST,2010,6238.53759765625,5.2916975021362305,27.702529907226562,138.73350524902344,3.5,20.25393295288086,1,0.11538461595773697,1331475
Finland,FIN,2000,23529.5390625,54.864776611328125,13.79114818572998,73.26971435546875,3.5,20.86463165283203,1,0.043478261679410934,5176209
Finland,FIN,2005,26435.0234375,33.137664794921875,30.04246711730957,75.100067138671875,3.0999999046325684,21.8466739654541,1,0.17391304671764374,5246096
Finland,FIN,2010,27110.732421875,29.516443252563477,27.411767959594727,75.984619140625,2.5999999046325684,18.543479919433594,1,0.17391304671764374,5363352
Fiji,FJI,2000,2074.747314453125,27.059782028198242,10.021553039550781,126.57853698730469,20.600000381469727,17.261791229248047,1,0.375,811223
Fiji,FJI,2005,2308.158203125,38.099998474121094,11.800000190734863,123.32513427734375,19,22.978206634521484,1,0.375,821820
France,FRA,2000,21828.29296875,26.30730628967285,16.980712890625,53.03546905517578,4.400000095367432,19.8917293548584,1,0.043478261679410934,60912498
France,FRA,2005,22797.26953125,24.20323371887207,19.80769920349121,52.09890365600586,3.799999952316284,19.969953536987305,1,0.17391304671764374,63179356
France,FRA,2010,22878.466796875,16.619029998779297,21.26690673828125,50.73017883300781,3.5,19.26255989074707,1,0.17391304671764374,65027512
Gabon,GAB,2000,4102.60302734375,31.36378288269043,10.539100646972656,107.151123046875,56.29999923706055,21.902055740356445,0,0.18421052396297455,1231548
Gabon,GAB,2005,4029.244140625,34.88654708862305,11.67772388458252,96.76072692871094,51.70000076293945,21.31041145324707,0,0.2368421107530594,1377777
United Kingdom,GBR,2000,25082.998046875,36.044883728027344,14.575332641601562,55.30506896972656,5.599999904632568,17.68215560913086,1,0.043478261679410934,58892514
United Kingdom,GBR,2005,28261.041015625,31.991212844848633,17.850807189941406,55.23509979248047,5.099999904632568,16.942766189575195,1,0.17391304671764374,60401206
United Kingdom,GBR,2010,28033.490234375,27.93373680114746,21.742111206054688,60.839542388916016,4.400000095367432,15.102801322937012,1,0.17391304671764374,62766365
Ghana,GHA,2000,259.71099853515625,12.770523071289062,4.182134628295898,98.42901611328125,66.4000015258789,23.998600006103516,1,0.18421052396297455,18824994
Ghana,GHA,2005,294.09130859375,13.759580612182617,3.3702664375305176,96.81622314453125,57.900001525878906,29.002140045166016,1,0.2368421107530594,21389514
Ghana,GHA,2010,358.97955322265625,13.945690155029297,3.21193790435791,71.77949523925781,51.099998474121094,28.030487060546875,1,0.31578946113586426,24317734
"Gambia, The",GMB,2000,324.492919921875,4.232884407043457,2.179450750350952,53.81460952758789,62.5,4.562498092651367,0,0.2857142984867096,1228863
"Gambia, The",GMB,2005,324.9059753417969,3.722665548324585,2.0850486755371094,81.51753234863281,55.79999923706055,21.979053497314453,0,0.1428571492433548,1440542
"Gambia, The",GMB,2010,354.5997314453125,3.1004984378814697,1.915836215019226,65.19439697265625,50.70000076293945,21.421306610107422,0,0.2857142984867096,1693002
Greece,GRC,2000,11396.232421875,34.320430755615234,15.335623741149902,59.744510650634766,6.900000095367432,25.27511978149414,1,0.043478261679410934,10805808
Greece,GRC,2005,13657.708984375,38.363914489746094,23.2666015625,56.67138671875,4.800000190734863,21.40471649169922,1,0.17391304671764374,10987314
Greece,GRC,2010,13577.8798828125,30.03192138671875,24.168127059936523,52.9692268371582,4,17.53536605834961,1,0.17391304671764374,11121341
Guatemala,GTM,2000,1716.685302734375,43.29999923706055,3.5999999046325684,47.55061721801758,39.900001525878906,17.83538818359375,1,0.6000000238418579,11688660
Guatemala,GTM,2005,1760.7998046875,46.352142333984375,3.4071543216705322,67.15731048583984,33.400001525878906,19.735916137695312,1,0.3333333432674408,13183505
Guatemala,GTM,2010,1860.75390625,48.845733642578125,2.907504081726074,58.936370849609375,28.299999237060547,13.914977073669434,1,0.1428571492433548,14732261
Guyana,GUY,2000,972.12786865234375,47.5,0.20000000298023224,200.6308135986328,37,23.775981903076172,1,0.6000000238418579,742218
Guyana,GUY,2005,989.28045654296875,44.04440689086914,0.15236254036426544,190.28033447265625,33.599998474121094,24.784772872924805,1,0.3333333432674408,742495
Honduras,HND,2000,1142.709716796875,55.30916976928711,4.202509880065918,109.95046997070312,31,28.288423538208008,1,0.6000000238418579,6243080
Honduras,HND,2005,1296.6241455078125,56.35702133178711,5.077393054962158,136.04425048828125,25.399999618530273,27.62352180480957,1,0.3333333432674408,6880181
Honduras,HND,2010,1392.411865234375,54.778018951416016,6.291662216186523,103.1336669921875,20.899999618530273,22.955657958984375,1,0.1428571492433548,7503875
Croatia,HRV,2000,4861.677734375,37.8799934387207,6.138898849487305,84.34971618652344,7.199999809265137,19.06145477294922,1,0.11538461595773697,4426000
Croatia,HRV,2005,6025.45556640625,34.93404769897461,6.436554908752441,91.48054504394531,5.800000190734863,27.300067901611328,1,0.18518517911434174,4442000
Croatia,HRV,2010,6338.49462890625,32.06766128540039,7.575263023376465,79.8848876953125,4.400000095367432,21.709251403808594,1,0.11538461595773697,4417781
Haiti,HTI,2000,423.868896484375,38.1643180847168,0.8874796628952026,42.394649505615234,75.19999694824219,27.336942672729492,0,0.6000000238418579,8549202
Haiti,HTI,2005,381.44708251953125,40.28999710083008,0.9590814113616943,58.049705505371094,65.9000015258789,27.4180965423584,0,0.3333333432674408,9263409
Haiti,HTI,2010,371.4241943359375,38.88705062866211,1.0279964208602905,55.035736083984375,73.0999984741211,25.433364868164062,0,0.1428571492433548,9999617
Hungary,HUN,2000,4542.720703125,11.963216781616211,12.644638061523438,141.7376708984375,9.800000190734863,27.100208282470703,1,0.11538461595773697,10210971
Hungary,HUN,2005,5639.39453125,6.260329723358154,12.173050880432129,132.89328002929688,7.099999904632568,24.535964965820312,1,0.18518517911434174,10087065
Hungary,HUN,2010,5634.00390625,4.583112716674805,13.806330680847168,159.67312622070312,5.599999904632568,18.403141021728516,1,0.11538461595773697,10000023
Indonesia,IDN,2000,773.31097412109375,51.119998931884766,2.700000047683716,68.40709686279297,41.099998474121094,22.245697021484375,1,0.2142857164144516,211540428
Indonesia,IDN,2005,914.59991455078125,52.23710250854492,2.435345411300659,61.61186981201172,33.599998474121094,25.081409454345703,1,0.0714285746216774,226254703
Indonesia,IDN,2010,1143.83154296875,51.703739166259766,2.514683246612549,45.9112548828125,27.799999237060547,32.574371337890625,1,0.0714285746216774,241613126
India,IND,2000,436.6475524902344,18.439598083496094,4.920458793640137,26.02939796447754,66.5999984741211,24.212158203125,1,0.5,1053481072
India,IND,2005,565.3292236328125,18.794958114624023,5.312552452087402,38.58627700805664,56.099998474121094,34.27962875366211,1,1,1144326293
India,IND,2010,786.7000732421875,19.137277603149414,5.864355564117432,47.36606979370117,47.099998474121094,36.976226806640625,1,0,1230984504
Ireland,IRL,2000,25629.43359375,22.84298324584961,25.168764114379883,172.62112426757812,6,23.8725643157959,1,0.043478261679410934,3805174
Ireland,IRL,2005,29825.28125,18.15918731689453,27.774642944335938,149.78536987304688,4.400000095367432,27.13905143737793,1,0.17391304671764374,4159914
Ireland,IRL,2010,27595.091796875,14.350264549255371,30.551494598388672,175.4708709716797,3.5,11.662142753601074,1,0.17391304671764374,4560155
"Iran, I.R. of",IRN,2000,1550.090576171875,25.51329803466797,9.097461700439453,37.5784797668457,28.399999618530273,32.976585388183594,0,0.1666666716337204,65850062
"Iran, I.R. of",IRN,2005,1906.590087890625,24.461944580078125,12.327438354492188,58.984825134277344,21.700000762939453,32.693782806396484,0,0.2777777910232544,70122115
Iceland,ISL,2000,30928.67578125,45.410030364990234,17.350204467773438,71.85045623779297,3.0999999046325684,23.234905242919922,1,0.043478261679410934,281205
Iceland,ISL,2005,36128.59375,40.03671646118164,21.501346588134766,71.42793273925781,2.4000000953674316,28.193403244018555,1,0.17391304671764374,296734
Iceland,ISL,2010,33945.3125,36.8123893737793,27.69610023498535,100.59280395507812,1.899999976158142,12.540302276611328,1,0.17391304671764374,318041
Israel,ISR,2000,19836.09765625,22.872194290161133,36.43421936035156,74.19158935546875,5.599999904632568,20.489360809326172,1,0.043478261679410934,6289000
Israel,ISR,2005,20022.236328125,20.909690856933594,41.0709342956543,84.152679443359375,4.5,18.864206314086914,1,0.17391304671764374,6930100
Israel,ISR,2010,22275.751953125,19.23417854309082,36.74430847167969,67.24665832519531,3.5999999046325684,15.964654922485352,1,0.17391304671764374,7623600
Italy,ITA,2000,19388.279296875,27.600000381469727,9.399999618530273,49.13017272949219,4.699999809265137,20.82469367980957,1,0.043478261679410934,56942108
Italy,ITA,2005,19781.958984375,23.480411529541016,10.061954498291016,50.3609733581543,3.700000047683716,20.892942428588867,1,0.17391304671764374,57969484
Italy,ITA,2010,18982.26953125,20.698074340820312,10.013826370239258,50.85882568359375,3.4000000953674316,20.25058937072754,1,0.17391304671764374,59277417
Jamaica,JAM,2005,3742.16748046875,27.681476593017578,13.487330436706543,87.069091796875,17.600000381469727,26.912487030029297,1,0.0555555559694767,2643601
Jamaica,JAM,2010,3665.348388671875,22.300247192382812,15.036210060119629,83.58781433105469,15.300000190734863,20.187732696533203,1,0.0555555559694767,2690824
Jordan,JOR,2000,1764.2298583984375,11.031120300292969,15.539013862609863,102.95955657958984,23.200000762939453,22.353313446044922,0,0.1666666716337204,4767476
Jordan,JOR,2005,2129.780517578125,10.412426948547363,16.603614807128906,135.140380859375,20.100000381469727,34.14875030517578,0,0.2777777910232544,5332982
Jordan,JOR,2010,2534.00048828125,8.356388092041016,18.580949783325195,116.86410522460938,17.299999237060547,24.021053314208984,0,0.2222222238779068,6517912
Japan,JPN,2000,36789.21875,25.55547523498535,28.438283920288086,19.460390090942383,3.299999952316284,25.104656219482422,1,0.043478261679410934,126843000
Japan,JPN,2005,38971.84375,21.938648223876953,32.29640197753906,25.565692901611328,2.700000047683716,22.466346740722656,1,0.17391304671764374,127773000
Japan,JPN,2010,39309.48046875,18.728153228759766,36.14771270751953,27.500164031982422,2.4000000953674316,19.77366065979004,1,0.17391304671764374,128070000
Kazakhstan,KAZ,2000,1229.0009765625,9.40999984741211,16.6200008392334,96.719482421875,38.099998474121094,18.139047622680664,0,0.11538461595773697,14883626
Kazakhstan,KAZ,2005,1977.7393798828125,6.921928405761719,16.71504020690918,97.451263427734375,28.899999618530273,30.969768524169922,0,0.18518517911434174,15147029
Kazakhstan,KAZ,2010,2481.718994140625,5.763496398925781,18.33347511291504,77.818328857421875,19.5,25.37354850769043,0,0.11538461595773697,16321581
Kenya,KEN,2000,406.0728454589844,53.58645248413086,2.3064801692962646,48.94710922241211,68.4000015258789,17.414091110229492,0,0.18421052396297455,31065820
Kenya,KEN,2005,426.04510498046875,55.10171127319336,2.7605690956115723,61.37577438354492,61,17.64968490600586,1,0.2368421107530594,35349040
Kenya,KEN,2010,468.696044921875,54.46643829345703,3.18349027633667,65.22334289550781,51.70000076293945,19.774879455566406,1,0.31578946113586426,40328313
Kyrgyz Republic,KGZ,2000,279.6259765625,18.60676383972168,14.898506164550781,98.84424591064453,42.400001525878906,20.00996971130371,0,0.11538461595773697,4898400
Kyrgyz Republic,KGZ,2005,319.4720764160156,17.968748092651367,12.84904670715332,89.99153137207031,34.29999923706055,14.272065162658691,1,0.18518517911434174,5162600
Kyrgyz Republic,KGZ,2010,372.7284240722656,17.782434463500977,13.012243270874023,130.23513793945312,26.899999618530273,27.401594161987305,1,0.11538461595773697,5447900
Cambodia,KHM,2000,293.5684509277344,81.26305389404297,0.7728712558746338,103.47893524169922,81.5999984741211,17.528993606567383,0,0.2142857164144516,12197905
Cambodia,KHM,2005,427.5292663574219,81.47125244140625,0.7533190846443176,134.990234375,51.900001525878906,18.465700149536133,0,0.0714285746216774,13320058
Cambodia,KHM,2010,557.947509765625,82.8009033203125,0.8567187786102295,110.00049591064453,37.29999923706055,17.367656707763672,0,0.0714285746216774,14363586
Korea,KOR,2000,11346.6650390625,14.791975021362305,26.822160720825195,70.94140625,5.199999809265137,30.562334060668945,1,0.2142857164144516,47008111
Korea,KOR,2005,13801.8291015625,12.700410842895508,31.992921829223633,75.9925537109375,4.800000190734863,29.687204360961914,1,0.0714285746216774,48138077
Korea,KOR,2010,16372.5,10.47991943359375,37.130496978759766,98.30378723144531,3.5,29.526771545410156,1,0.0714285746216774,49410366
Kuwait,KWT,2000,19434.400390625,23.36688995361328,10.339189529418945,95.91044616699219,11.100000381469727,10.66551399230957,0,0.1666666716337204,1929470
Kuwait,KWT,2005,24715.552734375,47.26606369018555,8.298925399780273,96.35658264160156,10.100000381469727,16.42860221862793,0,0.2777777910232544,2263604
Lao People's Dem.Rep,LAO,2000,326.33734130859375,38.367061614990234,4.121087074279785,74.27845764160156,84.69999694824219,13.929398536682129,0,0.2142857164144516,5342879
Lao People's Dem.Rep,LAO,2005,408.4863586425781,37.64703369140625,4.265227317810059,81.11201477050781,71,23.075183868408203,0,0.0714285746216774,5745012
Lao People's Dem.Rep,LAO,2010,554.87982177734375,36.255287170410156,4.830380439758301,75.63368225097656,58.20000076293945,24.323596954345703,0,0.0714285746216774,6260544
Liberia,LBR,2000,196.9943389892578,17.944616317749023,2.5336086750030518,67.80958557128906,119.5,7.5,0,0.18421052396297455,2891968
Liberia,LBR,2005,139.58486938476562,17.907806396484375,4.515353679656982,91.21857452392578,83.69999694824219,13.300000190734863,1,0.2368421107530594,3269786
Liberia,LBR,2010,155.03323364257812,18.935447692871094,8.901542663574219,95.56913757324219,60.79999923706055,26.365468978881836,1,0.31578946113586426,3957990
Libya,LBY,2000,6479.71240234375,30.467655181884766,4.19861364364624,52.838287353515625,24.399999618530273,13.368660926818848,0,0.1666666716337204,5337264
Libya,LBY,2005,7194.62158203125,26.45868492126465,8.85612678527832,98.55186462402344,19.799999237060547,9.922242164611816,0,0.2777777910232544,5801543
Sri Lanka,LKA,2000,871.2049560546875,16.899999618530273,13.300000190734863,82.283477783203125,14.800000190734863,28.03927993774414,1,0.5,18655000
Sri Lanka,LKA,2005,999.80413818359375,14.600104331970215,15.018798828125,76.4889144897461,11.5,26.827455520629883,1,1,19373000
Sri Lanka,LKA,2010,1295.74267578125,12.65530014038086,16.4069881439209,50.19761657714844,8.899999618530273,27.5780029296875,1,0,20118000
Lesotho,LSO,2000,379.775634765625,64.20281219482422,0.6992457509040833,173.31932067871094,79.9000015258789,41.34385681152344,1,0.18421052396297455,1856225
Lesotho,LSO,2005,416.5360107421875,62.52814865112305,0.8999993801116943,178.65606689453125,84.19999694824219,21.97735023498535,1,0.2368421107530594,1925844
Lesotho,LSO,2010,495.7342529296875,60.56888961791992,1.2277590036392212,156.41607666015625,76.80000305175781,28.019176483154297,1,0.31578946113586426,2010586
Lithuania,LTU,2000,3267.347412109375,13.655962944030762,16.174238204956055,93.39530944824219,9.600000381469727,18.889385223388672,1,0.11538461595773697,3499536
Lithuania,LTU,2005,4873.50439453125,11.38576602935791,25.564498901367188,116.66293334960938,8.100000381469727,23.908138275146484,1,0.18518517911434174,3322528
Lithuania,LTU,2010,5332.23876953125,6.01414155960083,25.35642433166504,123.91909790039062,5.599999904632568,16.77062225341797,1,0.11538461595773697,3097282
Luxembourg,LUX,2000,46457.890625,31.830646514892578,16.416399002075195,265.0286865234375,3.9000000953674316,23.133501052856445,1,0.043478261679410934,436300
Luxembourg,LUX,2005,51980.44140625,27.945327758789062,16.444486618041992,283.9884338378906,2.799999952316284,22.443714141845703,1,0.17391304671764374,465158
Luxembourg,LUX,2010,52301.5859375,23.624547958374023,16.54085922241211,303.72918701171875,2,19.401084899902344,1,0.17391304671764374,506953
Latvia,LVA,2000,3300.9345703125,16.583065032958984,14.406230926513672,91.24080657958984,14.399999618530273,23.709911346435547,1,0.11538461595773697,2367550
Latvia,LVA,2005,5046.8623046875,5.458585739135742,15.755456924438477,107.4217529296875,10.699999809265137,34.38972854614258,1,0.18518517911434174,2238799
Latvia,LVA,2010,5011.21923828125,4.444134712219238,18.381017684936523,98.84675598144531,8.199999809265137,22.24590492248535,1,0.11538461595773697,2097555
Morocco,MAR,2000,1271.81103515625,17.900495529174805,7.464626312255859,57.62196350097656,42.400001525878906,25.532499313354492,0,0.1666666716337204,28950553
Morocco,MAR,2005,1530.8507080078125,19.689788818359375,8.364850997924805,66.63790130615234,34.70000076293945,28.796863555908203,0,0.2777777910232544,30385479
Morocco,MAR,2010,1844.35107421875,21.113666534423828,9.29194450378418,72.92918395996094,28.799999237060547,35.121456146240234,0,0.2222222238779068,32107739
Moldova,MDA,2000,354.0016784667969,11.76870346069336,11.581048965454102,117.19773864746094,25.299999237060547,23.947147369384766,1,0.11538461595773697,3639592
Moldova,MDA,2005,504.5300598144531,9.899198532104492,11.51627254486084,133.1446990966797,19.5,30.82567024230957,1,0.18518517911434174,3595187
Moldova,MDA,2010,595.87451171875,8.348751068115234,11.490978240966797,112.71641540527344,16.100000381469727,23.524438858032227,1,0.11538461595773697,3562045
Maldives,MDV,2000,2284.973876953125,27.54705810546875,1.380905270576477,169.39834594726562,36,26.323009490966797,0,0,286000
Maldives,MDV,2005,2759.44775390625,44.5787353515625,1.9074863195419312,115.96461486816406,20.200000762939453,40.412635803222656,0,0.20000000298023224,321000
Mexico,MEX,2000,5816.6142578125,42.08424377441406,12.023073196411133,63.295616149902344,21.5,23.86800193786621,1,0.6000000238418579,102808590
Mexico,MEX,2005,5982.65380859375,37.98834228515625,14.912331581115723,55.475135803222656,16.700000762939453,23.723976135253906,1,0.3333333432674408,109747906
Mexico,MEX,2010,6105.28076171875,33.616355895996094,16.830493927001953,59.42374038696289,14.699999809265137,24.03596305847168,1,0.1428571492433548,118617542
Mali,MLI,2000,214.4665985107422,14.439764976501465,0.7882261276245117,64.9697036743164,116.4000015258789,24.564931869506836,1,0.18421052396297455,11046926
Mali,MLI,2005,249.99192810058594,15.530304908752441,1.0606342554092407,63.38568878173828,97.19999694824219,22.64505386352539,1,0.2368421107530594,12881384
Mali,MLI,2010,269.89288330078125,17.22867774963379,1.5611605644226074,57.360931396484375,83.4000015258789,21.160194396972656,1,0.31578946113586426,15167286
Malta,MLT,2000,10208.2724609375,32.828773498535156,9.09737491607666,178.72901916503906,6.599999904632568,25.276058197021484,1,0.043478261679410934,381363
Malta,MLT,2005,10183.615234375,33.16935348510742,10.794489860534668,157.41421508789062,5.800000190734863,18.07896614074707,1,0.17391304671764374,403834
Malta,MLT,2010,11066.7841796875,26.907835006713867,10.510344505310059,167.19541931152344,5.900000095367432,13.868293762207031,1,0.17391304671764374,414508
Mongolia,MNG,2000,471.47332763671875,14.252050399780273,12.227301597595215,116.07965087890625,48.400001525878906,29.010740280151367,1,0.2142857164144516,2397438
Mongolia,MNG,2005,610.97705078125,13.148185729980469,11.167642593383789,129.31092834472656,34.29999923706055,37.528560638427734,1,0.0714285746216774,2526447
Mongolia,MNG,2010,772.933349609375,14.166426658630371,12.508718490600586,112.23565673828125,25.200000762939453,40.79469299316406,1,0.0714285746216774,2712657
Mozambique,MOZ,2000,233.43927001953125,17.179576873779297,0.3288382887840271,50.196720123291016,112.0999984741211,30.950576782226562,1,0.18421052396297455,18264536
Mozambique,MOZ,2005,308.8061828613281,20.183931350708008,0.40579456090927124,73.51615905761719,89.30000305175781,18.694385528564453,1,0.2368421107530594,21126676
Mozambique,MOZ,2010,389.7636413574219,21.797922134399414,0.4965175688266754,69.406219482421875,71.0999984741211,22,1,0.31578946113586426,24321457
Mauritania,MRT,2000,489.51165771484375,35.65199661254883,1.7451671361923218,66.5783462524414,75,20.629989624023438,0,0.18421052396297455,2711421
Mauritania,MRT,2005,532.3746337890625,37.811370849609375,2.1343069076538086,97.33306884765625,71.5999984741211,61.46867752075195,0,0.2368421107530594,3154087
Mauritania,MRT,2010,609.1312255859375,41.202640533447266,2.284153461456299,116.28742218017578,66.80000305175781,26.78472900390625,0,0.31578946113586426,3591400
Mauritius,MUS,2000,3861.03857421875,48.59640884399414,2.6446075439453125,128.8017578125,16.299999237060547,26.137781143188477,1,0.2857142984867096,1186873
Mauritius,MUS,2005,4284.35888671875,46.390098571777344,2.5955092906951904,116.24761962890625,13.800000190734863,22.529504776000977,1,0.1428571492433548,1228254
Mauritius,MUS,2010,5182.1435546875,43.251712799072266,3.3464627265930176,110.80521392822266,12.899999618530273,23.645397186279297,1,0.2857142984867096,1250400
Malawi,MWI,2000,155.2715606689453,48.500091552734375,0.48799940943717957,68.89734649658203,102.80000305175781,13.564698219299316,1,0.18421052396297455,11193230
Malawi,MWI,2005,150.05801391601562,51.31138610839844,0.4169324040412903,67.24134826660156,72.5999984741211,22.68482208251953,1,0.2368421107530594,12747846
Malawi,MWI,2010,184.1417999267578,55.485694885253906,0.3226410746574402,68.3326187133789,52.599998474121094,25.987060546875,1,0.31578946113586426,14769824
Malaysia,MYS,2000,4005.556396484375,28.288171768188477,8.330836296081543,216.06922912597656,8.699999809265137,26.867488861083984,0,0.2142857164144516,23420751
Malaysia,MYS,2005,4529.60107421875,24.749298095703125,11.004483222961426,207.89990234375,7,22.396642684936523,0,0.0714285746216774,25796124
Malaysia,MYS,2010,5184.70947265625,20.293163299560547,13.93372917175293,164.88751220703125,7.199999809265137,23.14837646484375,0,0.0714285746216774,28119500
Namibia,NAM,2000,2061.620849609375,46.400001525878906,2.799999952316284,97.795806884765625,48,17.098617553710938,1,0.2857142984867096,1897953
Namibia,NAM,2005,2390.598876953125,47.32759094238281,2.5445213317871094,82.52777099609375,42.400001525878906,19.689455032348633,1,0.1428571492433548,2027026
Namibia,NAM,2010,2667.246826171875,45.63814163208008,2.0661332607269287,103.59416198730469,31.100000381469727,21.234716415405273,1,0.2857142984867096,2193643
Niger,NER,2000,164.64894104003906,13.106276512145996,0.8482347130775452,41.03209686279297,101,11.433926582336426,1,0.18421052396297455,11224523
Niger,NER,2005,168.1737518310547,15.25146770477295,0.9928723573684692,44.50135040283203,82.80000305175781,22.590696334838867,1,0.2368421107530594,13485436
Nicaragua,NIC,2000,775.8292236328125,35.47627639770508,12.336522102355957,64.11553192138672,32.5,30.47577667236328,1,0.6000000238418579,5026792
Nicaragua,NIC,2005,847.57891845703125,32.994911193847656,13.989365577697754,68.51759338378906,26.299999237060547,28.687366485595703,1,0.3333333432674408,5379327
Nicaragua,NIC,2010,948.35595703125,30.31911277770996,15.866462707519531,83.49432373046875,22,24.360055923461914,1,0.1428571492433548,5737722
Netherlands,NLD,2000,24179.73046875,11.115763664245605,22.245121002197266,128.91195678710938,5.099999904632568,22.031295776367188,1,0.043478261679410934,15925513
Netherlands,NLD,2005,25194.341796875,10.577666282653809,25.102479934692383,128.6431427001953,4.5,19.012985229492188,1,0.17391304671764374,16319868
Netherlands,NLD,2010,26551.84375,8.871899604797363,24.792325973510742,139.7940673828125,3.700000047683716,17.980602264404297,1,0.17391304671764374,16615394
Norway,NOR,2000,37472.671875,22.026805877685547,24.452783584594727,78.579864501953125,3.9000000953674316,20.368785858154297,1,0.043478261679410934,4490967
Norway,NOR,2005,40584.2421875,0.19052748382091522,28.21023178100586,72.49016571044922,3.200000047683716,21.45885467529297,1,0.17391304671764374,4623291
Norway,NOR,2010,39972.3515625,0.5192511677742004,28.054643630981445,68.20306396484375,2.5,22.44032096862793,1,0.17391304671764374,4889252
Nepal,NPL,2000,225.16868591308594,15.84119701385498,3.728175640106201,53.00251388549805,60.5,24.31486701965332,1,0,23740145
Nepal,NPL,2005,237.92869567871094,18.011327743530273,3.5982818603515625,44.04827880859375,46.70000076293945,26.451276779174805,0,0.20000000298023224,25506847
Nepal,NPL,2010,268.25946044921875,21.179061889648438,3.0521469116210938,44.24263000488281,36.400001525878906,38.318092346191406,1,0.20000000298023224,26875910
New Zealand,NZL,2000,13375.43359375,32.222469329833984,42.00422668457031,65.9078140258789,6.099999904632568,21.320938110351562,1,0.043478261679410934,3857700
New Zealand,NZL,2005,15171.5947265625,30.081199645996094,44.96257781982422,56.62474060058594,5.400000095367432,24.700056076049805,1,0.17391304671764374,4133900
Pakistan,PAK,2000,511.7025451660156,9.624878883361816,6.888513088226318,30.407787322998047,87.5999984741211,17.22663116455078,0,0,138250487
Pakistan,PAK,2005,594.766845703125,16.507511138916016,6.295119285583496,30.322723388671875,79.5999984741211,19.081254959106445,0,0.20000000298023224,153356383
Pakistan,PAK,2010,668.54791259765625,17.254358291625977,6.396645545959473,33.98579406738281,72.19999694824219,15.562405586242676,1,0.20000000298023224,170043918
Panama,PAN,2000,3930.989501953125,36.523555755615234,20.40203285217285,140.31259155273438,21.799999237060547,24.139236450195312,1,0.1111111119389534,3028751
Panama,PAN,2005,4431.1279296875,34.20226287841797,21.319194793701172,139.3972930908203,19.399999618530273,18.35793685913086,1,0.0555555559694767,3319301
Panama,PAN,2010,5900.6171875,31.944429397583008,22.69153594970703,141.1425323486328,16.899999618530273,27.5,1,0.0555555559694767,3620506
Peru,PER,2000,2060.576171875,32.691795349121094,21.073915481567383,33.45729064941406,30.399999618530273,20.16266632080078,1,0.6000000238418579,25914875
Peru,PER,2005,2374.297119140625,30.263378143310547,20.684255599975586,42.9050407409668,21.799999237060547,17.889741897583008,1,0.3333333432674408,27610406
Peru,PER,2010,3180.4306640625,24.917003631591797,20.573917388916016,45.907066345214844,15.699999809265137,25.265926361083984,1,0.1428571492433548,29373644
Philippines,PHL,2000,1048.070556640625,38.50330352783203,25.694347381591797,100.78944396972656,30.399999618530273,18.367599487304688,1,0.375,77932247
Philippines,PHL,2005,1185.3768310546875,34.65463638305664,28.002099990844727,100.20686340332031,27.799999237060547,21.550405502319336,1,0.375,86141373
Philippines,PHL,2010,1383.40185546875,30.404394149780273,29.56890296936035,68.16131591796875,24.700000762939453,20.54072380065918,1,0,93038902
Papua New Guinea,PNG,2000,654.66876220703125,35.03144454956055,1.4307900667190552,119.06680297851562,58.400001525878906,21.892017364501953,1,0.375,5374051
Poland,POL,2000,4454.080078125,22.790481567382812,12.765283584594727,57.22798156738281,8.100000381469727,24.849740982055664,1,0.11538461595773697,38258629
Poland,POL,2005,5223.6796875,19.91924476623535,12.2105712890625,76.928192138671875,6.5,19.266206741333008,1,0.18518517911434174,38165445
Poland,POL,2010,6575.7451171875,16.3673038482666,13.77632999420166,81.605621337890625,5.099999904632568,20.937210083007812,1,0.11538461595773697,38042794
Portugal,PRT,2000,11470.8974609375,54.14490509033203,9.903507232666016,66.34638977050781,5.699999809265137,28.429611206054688,1,0.3333333432674408,10289898
Portugal,PRT,2005,11586.9775390625,49.920475006103516,11.15036678314209,64.021484375,3.700000047683716,23.546836853027344,1,0.3333333432674408,10503330
Portugal,PRT,2010,11744.833984375,47.35227584838867,11.212450981140137,66.73692321777344,3.0999999046325684,19.597705841064453,1,0,10573100
Paraguay,PRY,2000,1323.330078125,63.9141845703125,7.506381988525391,82.92193603515625,27.100000381469727,18.281538009643555,1,0.6000000238418579,5302703
Paraguay,PRY,2005,1360.6439208984375,55.77507019042969,3.7427055835723877,98.47737121582031,23.299999237060547,19.889265060424805,1,0.3333333432674408,5795493
Paraguay,PRY,2010,1621.1771240234375,48.386268615722656,4.037696838378906,99.51177978515625,20,17.745479583740234,1,0.1428571492433548,6209877
Qatar,QAT,2000,30052.76171875,10.757734298706055,16.277099609375,92.97554016113281,10.699999809265137,20.15128517150879,0,0.1666666716337204,593453
Qatar,QAT,2005,32224.0078125,9.199999809265137,20,95.4693832397461,8.800000190734863,35.0044059753418,0,0.2777777910232544,836924
Russia,RUS,2000,1775.1412353515625,8.751070976257324,51.127315521240234,70.23421478271484,19.700000762939453,18.693878173828125,1,0.11538461595773697,146596557
Russia,RUS,2005,2442.962890625,6.1182661056518555,52.88749313354492,57.367027282714844,14.399999618530273,20.077497482299805,0,0.18518517911434174,143518523
Russia,RUS,2010,2923.144287109375,4.384840965270996,55.760154724121094,49.712547302246094,10,22.77545738220215,0,0.11538461595773697,142849449
Rwanda,RWA,2000,214.2316131591797,35.412593841552734,0.4942336678504944,30.845230102539062,108.19999694824219,13.375980377197266,0,0.18421052396297455,8021875
Rwanda,RWA,2005,272.419677734375,37.10166549682617,0.8559397459030151,36.18402099609375,67.19999694824219,15.778873443603516,0,0.2368421107530594,9008230
Rwanda,RWA,2010,338.2663879394531,39.11607360839844,1.4217137098312378,39.57427215576172,43.70000076293945,20.969623565673828,0,0.31578946113586426,10293669
Saudi Arabia,SAU,2000,9400.8115234375,30.375085830688477,13.644523620605469,66.94146728515625,18.799999237060547,18.711624145507812,0,0.1666666716337204,21392273
Saudi Arabia,SAU,2005,9439.8583984375,28.981481552124023,14.929041862487793,81.14824676513672,13.199999809265137,18.239591598510742,0,0.2777777910232544,24745230
Saudi Arabia,SAU,2010,9425.326171875,27.268085479736328,13.724629402160645,87.47084045410156,8.5,22.874704360961914,0,0.2222222238779068,28090647
Sudan,SDN,2000,361.71282958984375,24.950420379638672,1.1265476942062378,32.91951370239258,67.9000015258789,24.888031005859375,0,0.18421052396297455,28079664
Sudan,SDN,2005,417.66595458984375,26.63639259338379,1.7368977069854736,39.24008560180664,59.099998474121094,28.128633499145508,0,0.2368421107530594,31990003
Sudan,SDN,2010,523.95013427734375,28.731340408325195,2.6231372356414795,40.1898193359375,52,23.1514835357666,0,0.31578946113586426,36114885
Senegal,SEN,2000,493.5721130371094,47.461387634277344,2.511347770690918,62.979286193847656,69.80000305175781,20.460994720458984,1,0.18421052396297455,9860578
Senegal,SEN,2005,542.00518798828125,50.13774108886719,2.7647502422332764,66.2716064453125,57.099998474121094,29.637203216552734,1,0.2368421107530594,11268994
Senegal,SEN,2010,561.70855712890625,53.76231002807617,3.6085805892944336,67.83341979980469,47.29999923706055,29,1,0.31578946113586426,12956791
Singapore,SIN,2000,23814.556640625,39.99856948852539,11.924845695495605,355.2582092285156,3,33.183441162109375,0,0.2142857164144516,4027887
Singapore,SIN,2005,28408.5234375,37.08837127685547,17.621614456176758,423.2818603515625,2.299999952316284,19.9747371673584,0,0.0714285746216774,4265762
Singapore,SIN,2010,32535.83203125,30.66649055480957,18.755464553833008,374.4078369140625,2.200000047683716,22.12801742553711,0,0.0714285746216774,5076732
Sierra Leone,SLE,2000,153.47796630859375,15.425287246704102,0.8476784825325012,38.056114196777344,142.60000610351562,1.0968103408813477,0,0.2857142984867096,4060709
Sierra Leone,SLE,2005,234.04925537109375,19.55670738220215,1.0364714860916138,47.28736877441406,133.6999969482422,11.456796646118164,1,0.1428571492433548,5071271
Sierra Leone,SLE,2010,268.331787109375,20.017242431640625,1.3004214763641357,44.741233825683594,122.69999694824219,24.476194381713867,1,0.2857142984867096,5775902
El Salvador,SLV,2000,2211.0224609375,45.01139450073242,9.542375564575195,64.681793212890625,26.399999618530273,16.92608642578125,1,0.6000000238418579,5811836
El Salvador,SLV,2005,2438.1435546875,41.80006790161133,10.601789474487305,70.7198715209961,19.700000762939453,16.083024978637695,1,0.3333333432674408,5947206
El Salvador,SLV,2010,2557.43359375,40.15670394897461,11.528368949890137,64.59935760498047,14.899999618530273,13.312084197998047,1,0.1428571492433548,6038306
Slovak Republic,SVK,2000,5330.40185546875,24.652746200561523,11.656847953796387,136.10336303710938,10.199999809265137,25.9820556640625,1,0.11538461595773697,5388720
Slovak Republic,SVK,2005,6774.73193359375,16.057600021362305,12.17711067199707,153.57601928710938,8.300000190734863,28.874082565307617,1,0.18518517911434174,5372807
Slovak Republic,SVK,2010,8445.5263671875,13.986531257629395,12.365890502929688,152.00546264648438,6.800000190734863,23.445606231689453,1,0.11538461595773697,5391428
Slovenia,SVN,2000,10045.3603515625,6.699999809265137,15.199999809265137,105.11579895019531,4.599999904632568,27.42460823059082,1,0.11538461595773697,1988925
Slovenia,SVN,2005,11930.458984375,5.240549564361572,14.334635734558105,121.27772521972656,3.5,27.158796310424805,1,0.18518517911434174,2000474
Slovenia,SVN,2010,12729.4541015625,4.035697937011719,15.463430404663086,123.71015930175781,2.799999952316284,22.62531280517578,1,0.11538461595773697,2048583
Sweden,SWE,2000,27869.376953125,17.826257705688477,23.146318435668945,83.12043762207031,3.4000000953674316,18.642105102539062,1,0.043478261679410934,8872109
Sweden,SWE,2005,31271.103515625,10.724642753601074,27.01802635192871,86.20672607421875,2.9000000953674316,17.744003295898438,1,0.17391304671764374,9029572
Sweden,SWE,2010,32292.482421875,10.945657730102539,25.27107810974121,90.95891571044922,2.4000000953674316,18.711227416992188,1,0.17391304671764374,9378126
Swaziland,SWZ,2000,1508.184326171875,38.40981674194336,3.7792348861694336,155.59329223632812,79.5,18.116771697998047,0,0.18421052396297455,1063715
Swaziland,SWZ,2005,1663.009765625,37.599369049072266,3.847381830215454,174.5364990234375,80.0999984741211,15.039250373840332,0,0.2368421107530594,1104642
Swaziland,SWZ,2010,1810.2305908203125,37.444419860839844,3.6527018547058105,131.29449462890625,61.20000076293945,9.684008598327637,0,0.31578946113586426,1193148
Syrian Arab Republic,SYR,2000,1208.734619140625,53.265621185302734,5.295538902282715,67.3811264038086,20,17.26788330078125,0,0.1666666716337204,16354050
Syrian Arab Republic,SYR,2005,1330.3214111328125,58.53302001953125,4.380039215087891,80.19975280761719,16.100000381469727,18.406930923461914,0,0.2777777910232544,18132842
Syrian Arab Republic,SYR,2010,1525.7801513671875,62.10508728027344,3.616487979888916,66.47254943847656,13.100000381469727,18.81774139404297,0,0.2222222238779068,20720602
Togo,TGO,2000,277.27325439453125,27.322111129760742,2.1298437118530273,73.39839172363281,76.5999984741211,15.180002212524414,0,0.18421052396297455,4874735
Togo,TGO,2005,273.4276123046875,29.575246810913086,2.333454132080078,97.91365051269531,71.0999984741211,16.292015075683594,0,0.2368421107530594,5578219
Togo,TGO,2010,285.2244567871094,32.066917419433594,2.4507253170013428,92.511474609375,65.0999984741211,18.814210891723633,0,0.31578946113586426,6390851
Thailand,THA,2000,1943.2379150390625,65.92022705078125,5.303058624267578,112.50358581542969,19.200000762939453,22.836185455322266,1,0.2142857164144516,62693322
Thailand,THA,2005,2359.64453125,62.93397521972656,6.419131755828857,139.40835571289062,15.100000381469727,31.442276000976562,1,0.0714285746216774,65863973
Thailand,THA,2010,2712.51708984375,57.85939407348633,9.074018478393555,129.09140014648438,12.199999809265137,25.935075759887695,1,0.0714285746216774,66692024
Tajikistan,TJK,2000,139.40988159179688,6.417582988739014,8.999330520629883,166.26763916015625,72.9000015258789,9.413683891296387,0,0.11538461595773697,6186152
Tajikistan,TJK,2005,215.89706420898438,6.061421871185303,7.45072603225708,95.9101791381836,60.70000076293945,14.284177780151367,0,0.18518517911434174,6805655
Tajikistan,TJK,2010,279.1804504394531,8.446100234985352,5.939177989959717,72.03034210205078,52.099998474121094,22.811979293823242,0,0.11538461595773697,7581696
Tonga,TON,2000,1926.004638671875,26.906129837036133,9.08353328704834,61.004486083984375,15.5,21.676002502441406,0,0.2142857164144516,97898
Tonga,TON,2005,2062.197998046875,29,12.100000381469727,71.72279357910156,13.600000381469727,22.22296142578125,0,0.0714285746216774,100858
Tonga,TON,2010,2025.28271484375,24.899377822875977,12.343459129333496,77.04027557373047,11.800000190734863,30.135839462280273,0,0.0714285746216774,103947
Trinidad and Tobago,TTO,2000,6311.1064453125,45.802154541015625,3.5992469787597656,103.40064239501953,24.600000381469727,20.00834846496582,1,0.1111111119389534,1267980
Trinidad and Tobago,TTO,2005,9105.455078125,38.24333190917969,3.6887974739074707,106.49861145019531,22.299999237060547,30.17719078063965,1,0.0555555559694767,1296933
Tunisia,TUN,2000,2245.3349609375,29.83650016784668,5.490328788757324,79.47264099121094,24.799999237060547,26.082612991333008,0,0.1666666716337204,9552500
Tunisia,TUN,2005,2653.593505859375,31.84563446044922,6.86740779876709,89.65956115722656,19.200000762939453,21.679443359375,0,0.2777777910232544,10029000
Tunisia,TUN,2010,3164.927734375,31.853580474853516,9.646645545959473,98.47200775146484,15,26.515684127807617,0,0.2222222238779068,10547100
Turkey,TUR,2000,4189.47802734375,52.758384704589844,9.58155345916748,39.38386535644531,30.5,20.76679801940918,1,0.11538461595773697,63240157
Turkey,TUR,2005,4887.37060546875,53.92954635620117,8.541393280029297,48.040992736816406,20.299999237060547,19.98958969116211,1,0.18518517911434174,67860617
Turkey,TUR,2010,5348.59716796875,51.39484786987305,8.825932502746582,45.630950927734375,13.600000381469727,19.523426055908203,1,0.11538461595773697,72310416
Tanzania,TZA,2000,307.1841125488281,59.085140228271484,0.9303938150405884,36.219242095947266,80.5,16.815568923950195,0,0.18421052396297455,33991590
Tanzania,TZA,2005,377.7123718261719,62.645809173583984,0.8353267312049866,46.88862991333008,57.20000076293945,25.0611629486084,0,0.2368421107530594,39065600
Tanzania,TZA,2010,456.3857116699219,66.41505432128906,0.7473310828208923,62.985313415527344,41.5,32.026702880859375,0,0.31578946113586426,45648525
Uganda,UGA,2000,255.78060913085938,54.727516174316406,4.8075408935546875,34.42454528808594,89.0999984741211,19.483821868896484,0,0.18421052396297455,23757636
Uganda,UGA,2005,301.25830078125,58.5257453918457,4.2949113845825195,36.94290542602539,68.30000305175781,22.355146408081055,0,0.2368421107530594,28042413
Uganda,UGA,2010,377.4211120605469,60.84967041015625,3.9716382026672363,58.92414093017578,51.20000076293945,23.48703384399414,0,0.31578946113586426,33149417
Ukraine,UKR,2000,635.708984375,11.02013111114502,36.68803787231445,110.69279479980469,15.899999618530273,19.630151748657227,1,0.11538461595773697,49175848
Ukraine,UKR,2005,960.2261962890625,6.001068592071533,38.08140182495117,105.17607116699219,12.5,22.584789276123047,1,0.18518517911434174,47105150
Ukraine,UKR,2010,1036.8306884765625,4.955075263977051,39.178775787353516,98.693817138671875,10.199999809265137,19.564664840698242,1,0.11538461595773697,45870700
Uruguay,URY,2000,6914.36279296875,49.094356536865234,10.99293041229248,34.98689270019531,14.100000381469727,14.45702075958252,1,0.1111111119389534,3321242
Uruguay,URY,2005,6967.47119140625,50.94205093383789,9.603659629821777,59.76841354370117,13.399999618530273,17.6988582611084,1,0.0555555559694767,3325608
United States,USA,2000,35081.921875,3.196389675140381,52.01023483276367,24.49822998046875,7.099999904632568,20.57522201538086,1,0.043478261679410934,282162411
United States,USA,2005,37731.7734375,3.0322072505950928,53.04884338378906,25.63512420654297,6.800000190734863,19.91436004638672,1,0.17391304671764374,295516599
United States,USA,2010,37491.1796875,2.724127769470215,53.964237213134766,27.01010513305664,6.300000190734863,14.841116905212402,1,0.17391304671764374,309346863
"Venezuela, Rep. Bol.",VEN,2000,4818.7080078125,55.038089752197266,13.972314834594727,48.902740478515625,18.200000762939453,24.170391082763672,1,0.1111111119389534,24481477
"Venezuela, Rep. Bol.",VEN,2005,5000.076171875,56.273170471191406,14.358620643615723,58.827754974365234,15.800000190734863,23.0040340423584,1,0.0555555559694767,26769115
"Venezuela, Rep. Bol.",VEN,2010,5528.36328125,55.512699127197266,15.387529373168945,48.979820251464844,13.699999809265137,21.97165870666504,0,0.0555555559694767,28995745
Vietnam,VNM,2000,401.54779052734375,72.47045135498047,2.3766961097717285,107.85369873046875,24.600000381469727,29.609914779663086,0,0.2142857164144516,77630900
Vietnam,VNM,2005,543.35650634765625,71.30081939697266,3.137727737426758,142.64453125,20.799999237060547,35.574249267578125,0,0.0714285746216774,82392100
Vietnam,VNM,2010,722.80755615234375,67.95157623291016,4.485076904296875,156.18231201171875,18.700000762939453,38.881595611572266,0,0.0714285746216774,86932500
"Yemen, Republic of",YEM,2000,543.7138671875,8.082653045654297,1.2882730960845947,78.57347869873047,69.9000015258789,18.927661895751953,0,0.1666666716337204,17795219
"Yemen, Republic of",YEM,2005,573.4857177734375,12.492376327514648,1.873992919921875,76.36100006103516,57.79999923706055,18.529619216918945,0,0.2777777910232544,20504385
"Yemen, Republic of",YEM,2010,610.35736083984375,14.768020629882812,2.4798214435577393,70.27604675292969,49.20000076293945,11.701443672180176,0,0.2222222238779068,23591972
South Africa,ZAF,2000,3019.946533203125,24.1959285736084,8.887123107910156,50.61157989501953,51.400001525878906,15.913172721862793,1,0.18421052396297455,44000000
South Africa,ZAF,2005,3397.72021484375,22.49153709411621,8.559470176696777,54.101707458496094,51,17.957687377929688,1,0.2368421107530594,47270063
South Africa,ZAF,2010,3745.64990234375,19.6303768157959,8.053934097290039,55.55210876464844,35,19.27727699279785,1,0.31578946113586426,50771826
Zambia,ZMB,2000,317.37457275390625,48.60845184326172,2.14870285987854,64.23359680175781,99.4000015258789,17.357084274291992,1,0.18421052396297455,10585220
Zambia,ZMB,2005,357.1104431152344,46.78908920288086,1.8829779624938965,74.54656219482422,76.5,23.672632217407227,1,0.2368421107530594,12043591
Zambia,ZMB,2010,432.2263488769531,46.622493743896484,1.5518044233322144,78.93955993652344,62.900001525878906,22.566959381103516,1,0.31578946113586426,13917439
Zimbabwe,ZWE,2000,534.7911376953125,40.744956970214844,1.5403894186019897,71.67383575439453,60.79999923706055,13.569424629211426,0,0.18421052396297455,12499981
Zimbabwe,ZWE,2005,362.5763854980469,38.275733947753906,1.2939759492874146,75.11845397949219,57.099998474121094,1.5251764059066772,0,0.2368421107530594,12984418
Zimbabwe,ZWE,2010,320.7718811035156,35.99900436401367,1.0808225870132446,107.33903503417969,59.29999923706055,24.329566955566406,0,0.31578946113586426,13973897
